{"skeleton":{"hash":"xuyJejBaAUG0yiD7MG/ES1iiLlA","spine":"3.8.75","x":-65.28,"y":12.35,"width":92.05,"height":186.3,"images":"","audio":"D:/洋葱/小游戏合集（100关）/敖丙哪吒睡觉/spine/特效/可乐"},"bones":[{"name":"root"},{"name":"bone","parent":"root","length":131.66,"rotation":89.3,"x":-6.63,"y":13.28}],"slots":[{"name":"图层 20","bone":"root","attachment":"图层 20"}],"skins":[{"name":"default","attachments":{"图层 20":{"图层 20":{"type":"mesh","uvs":[0.34601,0.10124,0.50265,0.24925,0.61186,0.24648,0.90691,0.24832,0.99005,0.28154,0.98985,0.44981,0.96543,0.50319,0.94222,0.55389,0.86757,0.71698,0.86763,0.75188,0.91847,0.8733,0.90819,0.91568,0.84129,0.93927,0.61647,0.94982,0.52351,0.93846,0.47844,0.92395,0.43655,0.90151,0.44056,0.81887,0.46543,0.75651,0.46915,0.73082,0.41599,0.59074,0.36152,0.49934,0.33944,0.43478,0.323,0.22308,0.32817,0.18122,0.05505,0.08422,0.05077,0.08259,0.05086,0.06773,0.07187,0.05296,0.08803,0.04544],"triangles":[25,27,28,26,27,25,29,25,28,29,0,25,24,25,0,1,24,0,1,23,24,22,23,1,5,3,4,6,21,22,5,2,3,2,5,6,6,20,21,6,1,2,22,1,6,7,20,6,8,20,7,19,20,8,19,8,9,18,19,9,18,9,17,17,9,10,15,13,14,15,17,10,16,17,15,13,15,10,11,12,10,12,13,10],"vertices":[1,1,173.5,31.82,1,1,1,143.2,16.11,1,1,1,143.9,5.41,1,1,1,143.88,-23.51,1,1,1,137.13,-31.74,1,1,1,102.47,-32.14,1,1,1,91.45,-29.88,1,1,1,80.97,-27.73,1,1,1,47.29,-20.82,1,1,1,40.1,-20.92,1,1,1,15.15,-26.2,1,1,1,6.41,-25.3,1,1,1,1.47,-18.81,1,1,1,-0.97,3.2,1,1,1,1.26,12.34,1,1,1,4.2,16.79,1,1,1,8.77,20.95,1,1,1,25.8,20.76,1,1,1,38.67,18.48,1,1,1,43.97,18.18,1,1,1,72.76,23.74,1,1,1,91.52,29.31,1,1,1,104.79,31.64,1,1,1,148.38,33.77,1,1,1,157.01,33.37,1,1,1,176.66,60.38,1,1,1,176.99,60.8,1,1,1,180.06,60.83,1,1,1,183.12,58.81,1,1,1,184.69,57.25,1],"hull":30,"edges":[0,58,0,2,2,4,4,6,8,10,16,18,18,20,20,22,22,24,24,26,26,28,28,30,30,32,32,34,34,36,36,38,38,40,42,44,44,46,46,48,48,50,50,52,52,54,54,56,56,58,40,42,14,16,10,12,12,14,6,8],"width":98,"height":206}}}}],"animations":{"animation":{"bones":{"bone":{"scale":[{"curve":0.337,"c2":0.01,"c3":0.639,"c4":0.98},{"time":0.5,"x":1.256,"y":0.899,"curve":0.337,"c2":0.01,"c3":0.639,"c4":0.98},{"time":1}]}}}}}